{"cameraMode":{"drawMode":0,"name":"Shaded","section":"Shading Mode"},"sceneLighting":true,"audioPlay":false,"sceneViewState":{"m_AlwaysRefresh":false,"showFog":true,"showSkybox":true,"showFlares":true,"showImageEffects":true,"showParticleSystems":true,"showVisualEffectGraphs":true,"m_FxEnabled":true},"in2DMode":false,"pivot":{"x":9.621086120605469,"y":11.632292747497559,"z":16.04624366760254},"rotation":{"x":0.12110164761543274,"y":-0.49629124999046328,"z":0.07012376189231873,"w":0.8568180799484253},"size":16.297761917114259,"orthographic":false}