{"cameraMode":{"drawMode":0,"name":"Shaded","section":"Shading Mode"},"sceneLighting":false,"audioPlay":false,"sceneViewState":{"m_AlwaysRefresh":false,"showFog":true,"showSkybox":false,"showFlares":true,"showImageEffects":true,"showParticleSystems":true,"showVisualEffectGraphs":true,"m_FxEnabled":true},"in2DMode":false,"pivot":{"x":6.654596328735352,"y":1.7460579872131348,"z":7.693774223327637},"rotation":{"x":0.10136157274246216,"y":-0.4926220774650574,"z":0.057901084423065189,"w":0.8623813390731812},"size":5.215553283691406,"orthographic":true}