{"cameraMode":{"drawMode":0,"name":"Shaded","section":"Shading Mode"},"sceneLighting":false,"audioPlay":false,"sceneViewState":{"m_AlwaysRefresh":false,"showFog":true,"showSkybox":false,"showFlares":true,"showImageEffects":true,"showParticleSystems":true,"showVisualEffectGraphs":true,"m_FxEnabled":true},"in2DMode":false,"pivot":{"x":4.335270881652832,"y":8.404232025146485,"z":3.0425894260406496},"rotation":{"x":0.0008822857635095716,"y":-0.18493148684501649,"z":0.00016777902783360332,"w":0.9827613830566406},"size":0.17273423075675965,"orthographic":false}